{
    "left1": [
        [7.115761, 0.156163, 0.847854],
        [14.490643, 0.156163, 0.847854],
        [21.281572, 0.156163, 0.847854],
        [27.658665, 0.156163, 0.847854],
        [33.792027, 0.156163, 0.847854],
        [39.851768, 0.156163, 0.847854],
        [46.007999, 0.156163, 0.847854],
        [52.430832, 0.156163, 0.847854],
        [59.290375, 0.156163, 0.847854],
        [66.756737, 0.156163, 0.847854],
        [75.000031, 0.156163, 0.847854],
        [84.190361, 0.156163, 0.847854],
        [94.497849, 0.156163, 0.847854]
    ],
    "left2": [
        [7.276167, 1.855762, 0.996573],
        [7.260782, 1.715207, 0.983474],
        [7.246615, 1.583902, 0.971433],
        [7.233312, 1.458988, 0.960145],
        [7.220517, 1.337606, 0.949303],
        [7.207875, 1.216897, 0.938601],
        [7.195032, 1.094003, 0.927731],
        [7.181633, 0.966065, 0.916386],
        [7.167324, 0.830224, 0.904262],
        [7.151748, 0.683621, 0.891050],
        [7.134551, 0.523398, 0.876444],
        [7.115379, 0.346696, 0.860139],
        [7.093876, 0.150655, 0.841826]
    ],
    "left3": [
        [7.455378, 3.549707, 1.307969],
        [7.439993, 3.410961, 1.281955],
        [7.425827, 3.281328, 1.257848],
        [7.412523, 3.157989, 1.235080],
        [7.399728, 3.038125, 1.213082],
        [7.387087, 2.918919, 1.191285],
        [7.374244, 2.797553, 1.169120],
        [7.360845, 2.671208, 1.146017],
        [7.346535, 2.537065, 1.121408],
        [7.330959, 2.392308, 1.094722],
        [7.313763, 2.234116, 1.065392],
        [7.294590, 2.059672, 1.032849],
        [7.273088, 1.866158, 0.996522]
    ],
    "left4": [
        [7.640512, 6.129832, 2.170489],
        [7.625637, 5.916777, 2.099129],
        [7.611949, 5.717729, 2.032665],
        [7.599104, 5.528358, 1.969605],
        [7.586757, 5.344333, 1.908456],
        [7.574562, 5.161324, 1.847727],
        [7.562174, 4.974999, 1.785924],
        [7.549248, 4.781029, 1.721557],
        [7.535439, 4.575083, 1.653133],
        [7.520402, 4.352829, 1.579160],
        [7.503792, 4.109938, 1.498146],
        [7.485263, 3.842078, 1.408599],
        [7.464470, 3.544919, 1.309026]
    ],
    "left5": [
        [8.241956, 6.583224, 1.487896],
        [8.183707, 6.542349, 1.553227],
        [8.132760, 6.506684, 1.610706],
        [8.087224, 6.474885, 1.662386],
        [8.045205, 6.445604, 1.710320],
        [8.004812, 6.417498, 1.756561],
        [7.964153, 6.389221, 1.803164],
        [7.921335, 6.359427, 1.852180],
        [7.874467, 6.326772, 1.905664],
        [7.821656, 6.289910, 1.965669],
        [7.761011, 6.247496, 2.034249],
        [7.690639, 6.198184, 2.113456],
        [7.608647, 6.140630, 2.205343]
    ],
    "left6": [
        [9.651084, 7.556190, 0.497793],
        [9.570724, 7.499533, 0.554473],
        [9.477763, 7.434062, 0.620295],
        [9.374214, 7.361182, 0.693787],
        [9.262092, 7.282300, 0.773477],
        [9.143408, 7.198820, 0.857893],
        [9.020178, 7.112147, 0.945563],
        [8.894415, 7.023686, 1.035015],
        [8.768132, 6.934844, 1.124777],
        [8.643343, 6.847024, 1.213375],
        [8.522062, 6.761633, 1.299340],
        [8.406302, 6.680076, 1.381198],
        [8.298078, 6.603756, 1.457477]
    ],
    "left7": [
        [7.647450, 12.993992, 0.596237],
        [7.736004, 12.759502, 0.589607],
        [7.863633, 12.422040, 0.580168],
        [8.022981, 12.000981, 0.568447],
        [8.206693, 11.515701, 0.554971],
        [8.407413, 10.985576, 0.540267],
        [8.617787, 10.429980, 0.524862],
        [8.830459, 9.868291, 0.509282],
        [9.038072, 9.319883, 0.494055],
        [9.233273, 8.804132, 0.479707],
        [9.408704, 8.340416, 0.466766],
        [9.557012, 7.948109, 0.455758],
        [9.670840, 7.646587, 0.447211]
    ],
    "right1": [
        [7.115761, 0.156163, -0.842847],
        [14.490643, 0.156163, -0.842847],
        [21.281572, 0.156163, -0.842847],
        [27.658665, 0.156163, -0.842847],
        [33.792027, 0.156163, -0.842847],
        [39.851768, 0.156163, -0.842847],
        [46.007999, 0.156163, -0.842847],
        [52.430832, 0.156163, -0.842847],
        [59.290375, 0.156163, -0.842847],
        [66.756737, 0.156163, -0.842847],
        [75.000031, 0.156163, -0.842847],
        [84.190361, 0.156163, -0.842847],
        [94.497849, 0.156163, -0.842847]
    ],
    "right2": [
        [7.276166, 1.855599, -0.999502],
        [7.260782, 1.714961, -0.987336],
        [7.246615, 1.583612, -0.975777],
        [7.233312, 1.458687, -0.964617],
        [7.220517, 1.337316, -0.953648],
        [7.207875, 1.216633, -0.942661],
        [7.195032, 1.093770, -0.931450],
        [7.181633, 0.965859, -0.919807],
        [7.167324, 0.830032, -0.907522],
        [7.151748, 0.683422, -0.894389],
        [7.134551, 0.523161, -0.880199],
        [7.115379, 0.346382, -0.864745],
        [7.093876, 0.150217, -0.847818]
    ],
    "right3": [
        [7.455378, 3.550500, -1.290896],
        [7.439993, 3.411408, -1.266805],
        [7.425827, 3.281520, -1.244108],
        [7.412523, 3.157997, -1.222356],
        [7.399728, 3.038001, -1.201096],
        [7.387087, 2.918691, -1.179878],
        [7.374244, 2.797227, -1.158250],
        [7.360845, 2.670771, -1.135762],
        [7.346535, 2.536483, -1.111961],
        [7.330959, 2.391523, -1.086397],
        [7.313763, 2.233052, -1.058619],
        [7.294590, 2.058229, -1.028174],
        [7.273088, 1.864217, -0.994613]
    ],
    "right4": [
        [7.640475, 6.128201, -2.145532],
        [7.625605, 5.915025, -2.074533],
        [7.611923, 5.715987, -2.008039],
        [7.599083, 5.526729, -1.944639],
        [7.586741, 5.342892, -1.882925],
        [7.574551, 5.160120, -1.821486],
        [7.562169, 4.974053, -1.758912],
        [7.549248, 4.780334, -1.693793],
        [7.535445, 4.574603, -1.624720],
        [7.520414, 4.352504, -1.550282],
        [7.503810, 4.109679, -1.469070],
        [7.485288, 3.841768, -1.379673],
        [7.464503, 3.544414, -1.280681]
    ],
    "right5": [
        [8.280373, 6.600761, -1.469854],
        [8.222510, 6.558389, -1.534572],
        [8.171892, 6.520983, -1.591229],
        [8.126642, 6.487240, -1.641918],
        [8.084880, 6.455851, -1.688729],
        [8.044729, 6.425512, -1.733754],
        [8.004313, 6.394915, -1.779085],
        [7.961752, 6.362755, -1.826813],
        [7.915170, 6.327725, -1.879029],
        [7.862689, 6.288520, -1.937826],
        [7.802431, 6.243833, -2.005294],
        [7.732518, 6.192357, -2.083525],
        [7.651073, 6.132787, -2.174611]
    ],
    "right6": [
        [9.628641, 7.566754, -0.461850],
        [9.548282, 7.510894, -0.519316],
        [9.455320, 7.446019, -0.585726],
        [9.351771, 7.373582, -0.659654],
        [9.239649, 7.295033, -0.739673],
        [9.120965, 7.211825, -0.824357],
        [8.997735, 7.125410, -0.912281],
        [8.871972, 7.037238, -1.002017],
        [8.745689, 6.948763, -1.092140],
        [8.620900, 6.861434, -1.181224],
        [8.499619, 6.776706, -1.267841],
        [8.383860, 6.696028, -1.350567],
        [8.275635, 6.620853, -1.427974]
    ],
    "right7": [
        [7.618367, 12.983145, -0.559652],
        [7.709377, 12.749558, -0.554619],
        [7.840540, 12.413403, -0.547269],
        [8.004296, 11.993976, -0.538040],
        [8.193089, 11.510579, -0.527371],
        [8.399359, 10.982512, -0.515697],
        [8.615549, 10.429075, -0.503458],
        [8.834100, 9.869567, -0.491089],
        [9.047455, 9.323288, -0.479030],
        [9.248055, 8.809539, -0.467717],
        [9.428342, 8.347618, -0.457587],
        [9.580759, 7.956826, -0.449078],
        [9.697746, 7.656464, -0.442629]
    ]
}